2026-09-29T00:06:37.476Z	baseline	86	84
2026-09-29T06:04:12.173Z	13:3	12	87
2026-09-29T06:11:39.354Z	13:31	19	88
2026-09-29T06:19:03.012Z	13:38	26	89
2026-09-29T07:03:49.510Z	14:13	36	90
2026-09-29T07:11:44.502Z	14:21	44	91
2026-09-29T07:19:01.962Z	14:49	51	92
2026-09-29T07:25:01.001Z	15:4	56	93
2026-09-29T07:31:27.021Z	15:16	62	94
2026-09-29T07:43:58.712Z	15:22	71	95
2026-09-29T07:51:39.210Z	15:26	78	96
2026-09-29T07:57:57.338Z	15:33	84	96
2026-09-29T08:05:43.032Z	15:36	90	97
2026-09-29T08:11:15.418Z	15:45	95	98
2026-09-29T08:43:47.096Z	15:63	6	1
2026-09-29T08:51:49.172Z	15:74	19	3
2026-09-29T08:52:01.420Z	15:67	19	3
2026-09-29T08:59:19.337Z	15:88	32	4
2026-09-29T09:00:17.764Z	15:80	35	5
2026-09-29T09:05:52.880Z	16:4	45	6
2026-09-29T09:10:50.135Z	16:8	54	7
2026-09-29T09:12:34.758Z	16:22	58	8
2026-09-29T09:17:16.123Z	16:30	67	9
2026-09-29T09:19:03.607Z	16:36	69	9
2026-09-29T09:25:27.283Z	16:39	76	10
2026-09-29T09:33:13.927Z	16:43	83	11
2026-09-29T09:40:25.989Z	16:58	89	12
2026-09-29T09:46:56.125Z	16:61	95	13
2026-09-29T11:39:36.883Z	16:72	7	12
2026-09-29T11:40:25.574Z	16:80	7	12
2026-09-29T11:56:11.264Z	16:116	11	13
2026-09-29T11:57:17.332Z	16:106	11	13
2026-09-29T11:57:40.810Z	17:13	11	13
2026-09-29T11:58:16.633Z	17:1	11	13
2026-09-29T11:59:37.305Z	16:98	11	13
2026-09-29T12:14:19.995Z	17:53	0	7
2026-09-29T12:15:45.228Z	17:60	15	14
2026-09-29T12:18:17.105Z	17:71	16	14
2026-09-29T12:18:45.843Z	17:47	16	14
2026-09-29T12:20:29.406Z	17:33	0	7
2026-09-29T12:46:11.135Z	17:90	0	7
2026-09-29T12:50:53.947Z	17:97	19	15
2026-09-29T12:52:03.972Z	18:2	19	15
2026-09-29T12:55:20.770Z	17:104	0	7
2026-09-30T01:05:57.286Z	18:18	49	26
2026-09-30T01:06:11.532Z	18:29	64	28
2026-09-30T04:58:24.065Z	18:31	14	20
2026-09-30T04:59:37.757Z	18:37	14	20
2026-09-30T05:02:45.290Z	18:50	14	20
2026-09-30T05:15:34.222Z	18:68	17	20
2026-09-30T05:16:46.125Z	18:63	17	21
2026-09-30T05:16:58.642Z	18:57	17	21
2026-09-30T05:30:45.549Z	18:87	20	21
2026-09-30T05:31:39.685Z	18:99	20	21
2026-09-30T05:32:44.614Z	18:77	20	21
2026-09-30T05:34:26.744Z	18:82	20	21
2026-09-30T05:35:06.546Z	18:94	21	22
2026-09-30T05:50:10.738Z	19:19	24	22
2026-09-30T05:50:27.333Z	19:31	24	22
2026-09-30T05:53:57.127Z	19:8	25	23
2026-09-30T05:54:04.004Z	19:25	25	23
2026-09-30T05:54:34.742Z	19:16	25	23
2026-09-30T06:07:25.366Z	19:53	27	23
2026-09-30T06:10:38.975Z	19:49	27	23
2026-09-30T06:13:20.374Z	19:68	28	24
2026-09-30T06:13:35.952Z	19:58	28	24
2026-09-30T06:17:03.439Z	19:37	28	24
2026-09-30T06:30:41.994Z	20:14	31	24
2026-09-30T06:32:47.467Z	20:22	32	25
2026-09-30T06:34:51.266Z	20:2	32	25
2026-09-30T06:35:05.605Z	19:75	32	25
2026-09-30T06:37:15.048Z	19:85-86	32	25
2026-09-30T06:49:16.856Z	20:42	34	25
2026-09-30T06:49:56.067Z	20:30	35	25
2026-09-30T06:52:32.365Z	20:47	35	25
2026-09-30T06:52:49.992Z	20:53	35	25
2026-09-30T06:56:10.052Z	20:40	36	26
2026-09-30T07:10:34.620Z	20:59	2	26
2026-09-30T07:12:13.699Z	20:70-71	3	26
2026-09-30T07:13:38.851Z	20:90	3	26
2026-09-30T07:13:53.573Z	20:87	3	26
2026-09-30T07:19:45.197Z	20:94	3	27
2026-09-30T07:33:57.969Z	21:3	6	27
2026-09-30T07:34:33.189Z	20:120	6	27
2026-09-30T07:35:20.835Z	21:7	6	27
2026-09-30T07:36:05.656Z	20:102	7	27
2026-09-30T07:36:55.604Z	20:106	7	27
2026-09-30T07:51:00.158Z	21:47-48	9	28
2026-09-30T07:51:28.557Z	21:41	9	28
2026-09-30T07:51:57.048Z	21:25	9	28
2026-09-30T07:55:47.356Z	21:19	10	28
2026-09-30T08:00:15.965Z	21:16	10	28
2026-09-30T09:58:20.002Z	21:72	16	30
2026-09-30T09:58:37.825Z	21:54	16	30
2026-09-30T09:58:56.802Z	21:79	16	30
2026-09-30T09:59:13.042Z	21:66	16	30
2026-09-30T10:00:53.962Z	21:61	16	30
2026-09-30T10:33:19.239Z	21:97	19	31
2026-09-30T10:37:34.198Z	21:105	21	31
2026-09-30T10:38:47.886Z	22:23	21	31
2026-09-30T10:39:38.328Z	22:18	21	31
2026-09-30T10:41:21.534Z	22:5	22	31
2026-09-30T10:55:06.660Z	22:58	25	32
2026-09-30T10:57:36.996Z	22:53	25	32
2026-09-30T10:58:07.505Z	22:26	25	32
2026-09-30T11:01:26.209Z	22:35	26	33
2026-09-30T11:02:40.594Z	22:40	26	33
2026-09-30T11:17:24.777Z	22:65	29	33
2026-09-30T11:19:13.980Z	22:71	29	33
2026-09-30T11:19:31.163Z	23:27	29	33
2026-09-30T11:21:00.650Z	23:20	29	33
2026-09-30T11:23:16.385Z	23:6	30	34
2026-09-30T11:35:34.421Z	23:50	32	34
2026-09-30T11:36:48.463Z	23:55	32	34
2026-09-30T11:37:45.024Z	23:45	32	34
2026-09-30T11:38:11.228Z	23:32	33	34
2026-09-30T11:39:25.054Z	23:38	33	34
2026-09-30T11:55:27.850Z	23:62	36	35
2026-09-30T11:55:44.973Z	23:84	36	35
2026-09-30T11:56:08.167Z	23:66	36	35
2026-09-30T11:56:28.651Z	23:75	36	35
2026-09-30T11:56:50.032Z	23:78	36	35
2026-09-30T12:10:15.071Z	23:111	2	36
2026-09-30T12:10:41.854Z	23:91	2	36
2026-09-30T12:11:48.776Z	23:96	2	36
2026-09-30T12:13:46.112Z	23:103	2	36
2026-09-30T12:16:53.290Z	24:2	3	36
2026-09-30T12:33:57.621Z	24:45	6	37
2026-09-30T12:35:37.144Z	24:6	6	37
2026-09-30T12:36:01.477Z	24:31	6	37
2026-09-30T12:37:52.019Z	24:12	7	37
2026-09-30T12:39:09.605Z	24:27	7	37
2026-09-30T12:52:58.506Z	25:8	9	38
2026-09-30T12:53:23.549Z	25:4	9	38
2026-09-30T12:53:58.349Z	24:58	10	38
2026-09-30T12:56:32.478Z	24:50	10	38
2026-09-30T13:16:36.243Z	24:61	11	38
2026-09-30T14:02:41.493Z	25:25	14	39
2026-09-30T14:02:59.545Z	25:15	15	39
2026-09-30T14:04:04.267Z	25:35	15	39
2026-09-30T14:05:32.323Z	25:38	15	39
2026-09-30T14:08:26.971Z	25:20	15	39
2026-09-30T14:21:40.955Z	26:12	17	40
2026-09-30T14:23:17.250Z	25:48	18	40
2026-09-30T14:23:35.782Z	26:10	18	40
2026-09-30T14:24:36.890Z	26:22	18	40
2026-09-30T14:26:06.112Z	26:1	18	40
2026-09-30T14:40:55.454Z	26:34	21	41
2026-09-30T14:41:10.794Z	26:51	21	41
2026-09-30T14:41:35.400Z	26:36	21	41
2026-09-30T14:43:50.250Z	26:26	21	41
2026-09-30T14:45:53.896Z	26:44	22	41
2026-09-30T14:58:56.467Z	26:57	23	41
2026-09-30T15:05:29.453Z	26:66	24	42
2026-09-30T15:14:40.843Z	26:75	25	42
2026-09-30T15:16:37.085Z	26:63	25	42
2026-09-30T15:18:30.040Z	26:95	26	42
2026-10-01T00:35:09.777Z	26:115	2	43
2026-10-01T00:38:23.808Z	26:106	3	43
2026-10-01T00:39:18.468Z	26:97	4	43
2026-10-01T00:42:42.811Z	26:109	4	43
2026-10-01T00:45:38.261Z	26:123	4	43
2026-10-01T01:01:57.756Z	26:146	7	44
2026-10-01T01:05:59.212Z	26:128	8	44
2026-10-01T01:06:28.426Z	26:142	8	44
2026-10-01T01:09:57.320Z	26:133	8	44
2026-10-01T01:11:59.062Z	26:155	8	44
2026-10-01T01:25:57.867Z	26:157	10	45
2026-10-01T01:28:16.818Z	26:170	11	45
2026-10-01T01:28:44.524Z	26:183	11	45
2026-10-01T01:30:13.322Z	26:165	11	45
2026-10-01T01:31:41.507Z	26:178	11	45
2026-10-01T01:43:52.798Z	26:186	14	46
2026-10-01T01:45:35.346Z	26:198	14	46
2026-10-01T01:45:51.745Z	26:208	14	46
2026-10-01T01:46:26.822Z	26:214	14	46
2026-10-01T01:50:13.351Z	26:193	15	46
2026-10-01T02:06:26.329Z	26:227	18	47
2026-10-01T02:06:48.090Z	27:3	18	47
2026-10-01T02:08:41.728Z	26:219	19	47
2026-10-01T02:08:59.009Z	27:7	19	47
2026-10-01T02:15:39.732Z	27:12	20	47
2026-10-01T02:28:58.633Z	27:52	22	48
2026-10-01T02:30:03.726Z	27:24	22	48
2026-10-01T02:32:37.555Z	27:54	23	48
2026-10-01T02:33:05.102Z	27:42	23	48
2026-10-01T02:35:53.290Z	27:34	24	48
2026-10-01T02:51:56.209Z	28:4	27	49
2026-10-01T02:53:09.668Z	27:75-76	28	49
2026-10-01T02:54:36.645Z	27:92	28	50
2026-10-01T02:55:55.127Z	27:67	28	50
2026-10-01T02:56:49.527Z	27:82	28	50
2026-10-01T04:25:59.544Z	28:15	38	52
2026-10-01T04:28:35.996Z	28:41-42	39	52
2026-10-01T04:29:18.685Z	28:8	39	53
2026-10-01T04:30:37.440Z	28:18	39	53
2026-10-01T04:32:26.895Z	28:32	40	53
2026-10-01T04:59:47.453Z	28:70	4	54
2026-10-01T05:00:20.708Z	28:59	4	54
2026-10-01T05:00:40.901Z	29:8	4	54
2026-10-01T05:01:19.204Z	28:76	5	54
2026-10-01T05:03:47.527Z	28:47	5	54
2026-10-01T05:18:01.463Z	29:20	8	55
2026-10-01T05:19:01.796Z	29:39	9	55
2026-10-01T05:22:15.082Z	29:31	9	55
2026-10-01T05:22:47.791Z	29:25	9	55
2026-10-01T05:24:20.669Z	29:14	9	55
2026-10-01T05:38:28.416Z	29:52	12	56
2026-10-01T05:41:40.307Z	29:47	13	56
2026-10-01T05:42:09.310Z	30:3	13	56
2026-10-01T05:42:45.070Z	30:9	13	56
2026-10-01T05:44:34.524Z	30:18	13	56
2026-10-01T05:58:46.089Z	30:32	16	57
2026-10-01T05:59:43.060Z	30:46	16	57
2026-10-01T06:00:04.559Z	31:4	16	57
2026-10-01T06:01:51.624Z	30:51	16	57
2026-10-01T06:07:03.339Z	30:30	17	57
2026-10-01T06:24:45.031Z	31:10	20	58
2026-10-01T06:25:05.996Z	32:23	20	58
2026-10-01T06:25:30.671Z	32:27	20	58
2026-10-01T06:27:04.533Z	31:34	21	58
2026-10-01T06:29:12.723Z	32:4	21	58
2026-10-01T06:41:55.900Z	33:45	24	59
2026-10-01T06:44:47.889Z	33:28	25	60
2026-10-01T06:47:05.791Z	33:9	25	59
2026-10-01T06:49:23.009Z	33:18	26	60
2026-10-01T06:54:04.330Z	33:6	25	59
2026-10-01T07:12:38.885Z	33:63	25	59
2026-10-01T07:13:11.533Z	34:12	25	59
2026-10-01T07:14:00.870Z	33:59	25	59
2026-10-01T07:16:19.804Z	33:50	25	59
2026-10-01T07:19:46.053Z	34:3	25	59
2026-10-01T07:35:38.047Z	34:34	34	62
2026-10-01T07:37:33.178Z	34:28	35	62
2026-10-01T07:37:52.471Z	34:46	25	59
2026-10-01T07:38:12.965Z	34:21	25	59
2026-10-01T07:38:27.584Z	34:49	25	59
2026-10-01T07:57:41.772Z	35:42	25	59
2026-10-01T07:59:17.010Z	35:18	25	59
2026-10-01T07:59:35.204Z	35:1	25	59
2026-10-01T08:00:42.589Z	35:34	25	59
2026-10-01T08:15:00.254Z	36:34	43	64
2026-10-01T08:15:48.293Z	36:26	43	64
2026-10-01T08:16:11.495Z	36:23	43	64
2026-10-01T08:20:03.598Z	36:2	44	65
2026-10-01T08:20:52.020Z	36:11-12	45	65
2026-10-01T11:04:28.256Z	36:51	12	33
2026-10-01T11:05:18.551Z	36:47	13	33
2026-10-01T11:11:47.117Z	36:60	22	35
2026-10-01T11:12:20.253Z	36:55	23	35
2026-10-01T11:21:15.086Z	36:77	36	36
2026-10-01T11:23:23.868Z	36:69	38	37
2026-10-01T11:30:32.215Z	37:5	49	38
2026-10-01T11:31:07.834Z	37:11	50	38
2026-10-01T11:40:07.391Z	37:16	64	40
2026-10-01T11:40:54.997Z	37:19	65	40
2026-10-01T11:48:30.179Z	37:25	71	41
2026-10-01T11:56:20.785Z	37:35	78	42
2026-10-01T12:02:31.729Z	37:41	83	43
2026-10-02T00:12:00.542Z	37:45	11	45
2026-10-02T00:15:30.355Z	37:53	17	45
2026-10-02T00:25:21.925Z	37:63	26	47
2026-10-02T00:26:56.358Z	37:55	32	47
2026-10-02T00:40:21.215Z	37:75	49	50
2026-10-02T00:45:11.321Z	37:68	52	50
2026-10-02T00:58:16.822Z	37:79	68	52
2026-10-02T01:04:50.681Z	37:88	73	53
2026-10-02T01:23:12.209Z	37:97	83	54
2026-10-02T05:54:16.760Z	37:112	48	63
2026-10-02T06:04:18.481Z	37:105	53	64
2026-10-02T06:19:40.439Z	37:116	60	64
2026-10-02T06:55:39.054Z	37:125	66	65
2026-10-02T07:50:07.011Z	37:131	78	67
2026-10-02T08:28:15.391Z	37:134	87	68
2026-10-02T11:35:14.434Z	37:142	2	75
2026-10-02T11:42:02.112Z	37:150	2	75
2026-10-02T14:45:03.158Z	37:153	0	78
2026-10-02T14:52:41.617Z	37:158	1	78
2026-10-02T15:00:26.643Z	37:166	3	79
2026-10-02T15:09:46.455Z	37:173	6	80
2026-10-02T15:17:07.637Z	37:177	6	80
2026-10-03T04:46:18.771Z	38:4	26	72
2026-10-03T04:48:16.703Z	38:37	33	73
2026-10-03T04:48:29.183Z	38:18	34	73
2026-10-03T04:48:47.264Z	38:11-12	34	73
2026-10-03T04:50:25.898Z	38:34	36	73
2026-10-03T04:56:19.193Z	38:65	60	76
2026-10-03T04:56:30.415Z	38:62	61	76
2026-10-03T04:58:02.096Z	38:53	65	77
2026-10-03T04:58:49.468Z	38:44	66	77
2026-10-03T04:59:02.170Z	38:48	67	77
2026-10-03T05:24:17.774Z	38:76	74	78
2026-10-03T05:30:11.059Z	38:78	79	79
2026-10-03T05:36:29.398Z	38:67-68	85	80
2026-10-03T05:43:27.622Z	39:5	91	80
